Присоединение,Uptime,Uptime_percent,outage_time,outage_percent,events,outage_min,outage_max,MTBF,MTTR
Ввод-1 (контр.),6 д 23:59:13,99.992,0 д 00:00:46,0.008,9,0 д 00:00:00,0 д 00:00:27,1 д 14:56:53,0:00:05.164556
Ввод-2 (контр.),6 д 23:55:01,99.951,0 д 00:04:58,0.049,2,0 д 00:00:52,0 д 00:04:06,1 д 23:56:04,0:02:29.178842
Ввод-1 (ком.),6 д 23:59:43,99.997,0 д 00:00:16,0.003,4,0 д 00:00:02,0 д 00:00:08,4 д 07:51:41,0:00:04.095250
Ввод-2 (ком.),6 д 23:59:59,100.0,0 д 00:00:00,0.0,2,0 д 00:00:00,0 д 00:00:00,1 д 23:56:16,0:00:00.103000
SATEC PM180 Test,6 д 23:59:59,100.0,0 д 00:00:00,0.0,0,NaT,NaT,,
