Присоединение,Uptime,Uptime_percent,outage_time,outage_percent,events,outage_min,outage_max,MTBF,MTTR
Ввод-1 (контр.),24 д 04:59:59,78.091,6 д 19:00:00,21.909,28,0 д 00:10:00,1 д 16:00:00,0 д 06:39:16,5:49:17.142857
Ввод-2 (контр.),30 д 11:19:59,98.297,0 д 12:40:00,1.703,43,0 д 00:10:00,0 д 01:20:00,0 д 04:38:49,0:17:40.465116
Ввод-1 (ком.),29 д 18:59:59,96.102,1 д 05:00:00,3.898,27,0 д 00:10:00,0 д 06:00:00,0 д 06:54:37,1:04:26.666667
Ввод-2 (ком.),30 д 23:39:59,99.955,0 д 00:20:00,0.045,2,0 д 00:10:00,0 д 00:10:00,0 д 21:00:00,0:10:00
SATEC PM180 Test,30 д 19:34:47,99.406,0 д 04:25:12,0.594,18,0 д 00:06:35,0 д 00:30:00,0 д 09:51:11,0:14:44
