Присоединение,Uptime,Uptime_percent,outage_time,outage_percent,events,outage_min,outage_max,MTBF,MTTR
Ввод-1 (контр.),30 д 14:39:59,98.746,0 д 09:20:00,1.254,9,0 д 00:10:00,0 д 03:00:00,3 д 06:28:45,1:02:13.333333
Ввод-2 (контр.),24 д 07:35:58,78.441,6 д 16:24:01,21.559,63,0 д 00:10:00,0 д 15:10:00,0 д 11:20:29,2:32:45.730159
Ввод-1 (ком.),30 д 14:59:59,98.79,0 д 09:00:00,1.21,9,0 д 00:10:00,0 д 02:50:00,3 д 06:28:45,1:00:00
Ввод-2 (ком.),30 д 23:59:59,100.0,0 д 00:00:00,0.0,0,NaT,NaT,,
