Присоединение,Uptime,Uptime_percent,outage_time,outage_percent,events,outage_min,outage_max,MTBF,MTTR
Ввод-1 (контр.),18 д 14:10:33,59.97,12 д 09:49:26,40.03,137,0 д 00:10:00,1 д 18:00:00,0 д 05:14:38,2:10:26.029197
Ввод-2 (контр.),26 д 23:49:59,87.074,4 д 00:10:00,12.926,254,0 д 00:10:00,0 д 03:10:00,0 д 02:45:37,0:22:42.992126
Ввод-1 (ком.),29 д 07:29:59,94.556,1 д 16:30:00,5.444,115,0 д 00:10:00,0 д 02:00:00,0 д 06:15:21,0:21:07.826087
Ввод-2 (ком.),30 д 21:39:59,99.686,0 д 02:20:00,0.314,3,0 д 00:10:00,0 д 02:00:00,14 д 00:50:00,0:46:40
SATEC PM180 Test,30 д 08:39:17,97.937,0 д 15:20:42,2.063,47,0 д 00:00:39,0 д 01:20:00,0 д 11:49:21,0:19:35.361702
