Присоединение,Uptime,Uptime_percent,outage_time,outage_percent,events,outage_min,outage_max,MTBF,MTTR
Ввод-1 (контр.),6 д 21:49:59,98.71,0 д 02:10:00,1.29,9,0 д 00:10:00,0 д 00:30:00,0 д 16:21:15,0:14:26.666667
Ввод-2 (контр.),6 д 01:29:59,86.607,0 д 22:30:00,13.393,53,0 д 00:10:00,0 д 01:30:00,0 д 02:46:09,0:25:28.301887
Ввод-1 (ком.),6 д 21:59:59,98.81,0 д 02:00:00,1.19,8,0 д 00:10:00,0 д 00:30:00,0 д 18:41:26,0:15:00
Ввод-2 (ком.),6 д 23:59:59,100.0,0 д 00:00:00,0.0,0,NaT,NaT,,
