Присоединение,Uptime,Uptime_percent,outage_time,outage_percent,events,outage_min,outage_max,MTBF,MTTR
Ввод-1 (контр.),30 д 07:39:59,97.805,0 д 16:20:00,2.195,51,0 д 00:10:00,0 д 01:30:00,0 д 13:51:24,0:19:12.941176
Ввод-2 (контр.),29 д 01:09:54,93.705,1 д 22:50:05,6.295,66,0 д 00:10:00,0 д 07:20:00,0 д 10:31:23,0:42:34.621212
Ввод-1 (ком.),30 д 08:19:59,97.894,0 д 15:40:00,2.106,51,0 д 00:10:00,0 д 01:30:00,0 д 13:52:24,0:18:25.882353
Ввод-2 (ком.),30 д 23:59:59,100.0,0 д 00:00:00,0.0,0,NaT,NaT,,
SATEC PM180 Test,28 д 16:01:36,92.477,2 д 07:58:23,7.523,215,0 д 00:00:15,0 д 01:10:00,0 д 03:18:50,0:15:37.223256
